id,gebruiker_id,scan_id,toelichting,status,aangemaakt_op,bewerkt_op
1,5397,1233,presentator Peter Knegjens met snor,104,2021-11-04 12:21:21,2021-11-29 11:39:51
2,5397,1235,Anton Geesink,104,2021-11-04 12:23:07,2021-11-29 11:39:51
3,5397,1226,schilderij van koningin Juliana,104,2021-11-04 12:24:17,2021-11-29 11:39:51
4,12564,1255,Volgens mij is het een amateur Viswedstrijd,104,2021-11-04 14:35:49,2021-11-29 11:39:51
5,12564,1266,scateborden,104,2021-11-04 14:40:13,2021-11-29 11:39:51
6,12564,1269,slaapkamer,104,2021-11-04 14:41:41,2021-11-29 11:39:51
7,12564,1273,Protesten?,104,2021-11-04 14:43:30,2021-11-29 11:39:51
8,12564,1278,emplacement/spoorrails,104,2021-11-04 14:45:41,2021-11-29 11:39:51
9,12564,1280,kassencomplex,104,2021-11-04 14:46:44,2021-11-29 11:39:51
10,12564,1286,Marineschip,104,2021-11-04 14:48:55,2021-11-29 11:39:51
11,5397,1705,Robert Long,104,2021-11-05 10:08:00,2021-11-29 11:39:51
12,12564,1906,opening van een school,104,2021-11-05 15:30:18,2021-11-29 11:39:51
13,12564,2011,Padvinderij met koningin Juliana,104,2021-11-05 15:34:18,2021-11-29 11:39:51
14,5397,2040,Jan Hein Donner,104,2021-11-05 15:52:55,2021-11-29 11:39:51
15,5397,2049,prins Claus,104,2021-11-05 15:55:41,2021-11-29 11:39:51
16,13589,2057,een plaatje met humor (bordje speelplaats op straat bij een gevangenis),104,2021-11-05 16:00:03,2021-11-29 11:39:51
17,5397,2271,Barry Hulshoff,104,2021-11-05 21:22:19,2021-11-29 11:39:51
18,5397,2297,Bassie en Adriaan,104,2021-11-05 21:31:56,2021-11-29 11:39:51
19,12564,2450,verliefd paartje,104,2021-11-06 14:01:17,2021-11-29 11:39:51
20,12564,2431,wielrennen,104,2021-11-06 14:03:40,2021-11-29 11:39:51
21,12564,2457,wandelen,104,2021-11-06 14:05:43,2021-11-29 11:39:51
22,12827,2653,Categorie School of schoolplein zou ik hier willen invullen.,104,2021-11-06 21:25:19,2021-11-29 11:39:51
23,12827,2683,Woonwagenkamp,104,2021-11-06 21:28:12,2021-11-29 11:39:51
24,12827,2671,Atletiek,104,2021-11-06 21:35:33,2021-11-29 11:39:51
25,5397,2738,Martin Schröder,104,2021-11-07 10:20:27,2021-11-29 11:39:51
26,5397,2704,Rob de Nijs,104,2021-11-07 10:46:50,2021-11-29 11:39:51
27,12564,2458,parkje,104,2021-11-07 13:25:17,2021-11-29 11:39:51
28,12564,2903,voorstelling van artiest,104,2021-11-07 13:26:31,2021-11-29 11:39:51
29,12564,2842,groepsportret van een gymnastiekvereniging,104,2021-11-07 13:27:53,2021-11-29 11:39:51
30,12564,2947,plantjes stekken,104,2021-11-07 13:32:50,2021-11-29 11:39:51
31,12564,2874,priksleeën,104,2021-11-07 13:33:24,2021-11-29 11:39:51
32,12564,2902,koek en zopie,104,2021-11-07 13:33:52,2021-11-29 11:39:51
33,12564,2801,"vrouwen op een bankje met hond, niet echt een groep of een portret",104,2021-11-07 13:35:00,2021-11-29 11:39:51
34,12564,2887,Hier kan ik echt niets in ontdekken,104,2021-11-07 13:37:33,2021-12-01 09:29:13
35,12564,2832,schoenmakerij/fabriek,104,2021-11-07 13:38:17,2021-11-29 11:39:51
36,12564,2900,Kranten maker en leverancier??,104,2021-11-07 13:39:40,2021-11-29 11:39:51
37,12564,2898,Koks met schalen voor buffet,104,2021-11-07 13:41:06,2021-11-29 11:39:51
38,12564,2803,Kraakpand,104,2021-11-07 13:41:32,2021-11-29 11:39:51
39,12564,2814,Deze kan ik niet thuisbrangen,104,2021-11-07 13:42:34,2021-12-01 09:29:13
40,12564,2944,geen idee,104,2021-11-07 13:43:19,2021-12-01 09:29:13
41,12564,2892,Fruitteler,104,2021-11-07 13:44:00,2021-12-02 15:50:00
42,12564,2827,toespraak simplistisch verbond??,104,2021-11-07 13:44:52,2021-11-29 11:39:51
43,12564,2967,Vogeltentoonstelling,104,2021-11-07 13:46:13,2021-11-29 11:39:51
44,5397,3236,Rijk de Gooyer,104,2021-11-07 16:40:25,2021-11-29 11:39:51
45,5397,3237,Hans Ree,104,2021-11-07 16:42:00,2021-11-29 11:39:51
46,5397,3221,zanger Peter Koelewijn,104,2021-11-07 16:44:09,2021-11-29 11:39:51
47,5397,3239,zanger Barry Hughes,104,2021-11-07 16:53:35,2021-11-29 11:39:51
48,12564,3559,grond bouwrijp maken,104,2021-11-08 14:25:11,2021-11-29 11:39:51
49,12564,3558,kinder vakantie bouwplaats,104,2021-11-08 14:25:39,2021-11-29 11:39:51
50,12564,3523,lijkt op een schoolfeest,104,2021-11-08 14:26:37,2021-11-29 11:39:51
51,12564,3547,heeft veel weg van ambulance oefening,104,2021-11-08 14:27:24,2021-11-29 11:39:51
52,12564,3475,verschillende sportploegen nemen afscheid na een tournooi,104,2021-11-08 14:28:51,2021-11-29 11:39:51
53,12564,3534,Seinhuis voor de scheepvaart?,104,2021-11-08 14:29:46,2021-11-29 11:39:51
54,12564,3524,Kanmtoor bij sleepbootmaatschappij,104,2021-11-08 14:31:14,2021-11-29 11:39:51
55,12564,3548,Onthulling gedenkteken of naamplaat waarschijnlijk van  een militair vliegveld,104,2021-11-08 14:33:54,2021-11-29 11:39:51
56,12564,3502,straatnaambord beschadigd,104,2021-11-08 14:34:33,2021-11-29 11:39:51
57,12564,3502,beschadigd straatnaambord,104,2021-11-08 14:34:56,2021-11-29 11:39:51
58,12564,3457,Weiland,104,2021-11-08 14:37:02,2021-11-29 11:39:51
59,12564,3577,Bord met sluizencomplex erop van IJmuiden,104,2021-11-08 14:39:04,2021-11-29 12:09:03
60,12827,2648,Optuigen wagens voor bloemencorso.,104,2021-11-08 17:23:40,2021-11-29 12:09:03
61,12564,4147,glas weggooien,104,2021-11-09 12:48:49,2021-11-29 12:09:03
62,12564,4149,demonstratie wolspinnen vermoedelijk op tentoonstelling,104,2021-11-09 12:49:52,2021-11-29 12:09:03
63,12564,4151,bijeenkomst,104,2021-11-09 12:50:42,2021-11-29 12:09:03
64,12564,4156,acteur Croiset in vrachtwagencabine,104,2021-11-09 12:52:24,2021-11-29 12:09:03
65,12564,4157,Bekende sportverslaggeven maar kan even niet op zijn naam komen,104,2021-11-09 12:53:53,2021-11-29 12:09:03
66,12564,4163,trein-emplacement,104,2021-11-09 12:55:58,2021-11-29 12:09:03
67,12564,4164,werk aan de weg,104,2021-11-10 08:37:50,2021-11-29 12:09:03
68,12564,4762,tekencursus volwassenen,104,2021-11-10 08:38:28,2021-11-29 12:09:03
69,12564,4772,afgewaaide tak,104,2021-11-10 08:39:32,2021-11-29 12:09:03
70,12564,4796,edelstenen in vitrine,104,2021-11-10 08:40:22,2021-11-29 12:09:03
71,12564,4798,ontvangst volkloregroep,104,2021-11-10 08:41:04,2021-11-29 12:09:03
72,12564,4779,rioolput???,104,2021-11-10 08:42:15,2021-11-29 12:09:03
73,12564,4816,winkel binnen,104,2021-11-10 08:42:41,2021-11-29 12:09:03
74,12564,4771,bollen pellen,104,2021-11-10 08:44:02,2021-11-29 12:09:03
75,12564,4753,industrie terrein,104,2021-11-10 08:44:50,2021-11-29 12:09:03
76,12564,4748,receptie,104,2021-11-10 08:45:41,2021-11-29 12:09:03
77,12564,4809,demonstratie met een knipoog,104,2021-11-10 08:46:22,2021-11-29 12:09:03
78,12564,4817,Jeroen Krabbé en ??? na een première???,104,2021-11-10 08:47:30,2021-11-29 12:09:03
79,12564,4821,Begroeting,104,2021-11-10 08:49:33,2021-11-29 12:09:03
80,12564,4791,schaaktournooi,104,2021-11-10 08:51:48,2021-11-29 12:09:03
81,12564,4803,demonstratie,104,2021-11-10 08:52:48,2021-11-29 12:09:03
82,12564,4808,trappenhuis,104,2021-11-10 08:53:24,2021-12-02 14:11:45
83,12564,4805,lachende man in steegje achter huizen,104,2021-11-10 08:54:10,2021-12-02 14:11:45
84,12564,4768,Jan Lammers,104,2021-11-10 08:54:32,2021-11-29 12:09:03
85,12564,4806,fitness,104,2021-11-10 08:56:25,2021-12-02 14:11:45
86,3474,4856,halve foto..,104,2021-11-10 12:15:34,2021-11-29 12:09:03
87,97,5061,Kegelen staat niet in de lijst,104,2021-11-10 16:21:05,2021-11-29 12:09:03
88,3474,5759,Televisiekijken zou als Theater gezien kunnen worden....,104,2021-11-11 20:07:48,2021-11-29 12:09:03
89,3474,5771,"jeu de boule in park, geen aparte categorie",104,2021-11-11 20:14:10,2021-11-29 12:09:03
90,3474,5778,"loodgieter in zijn werkplaats, kan ik geen fabriek noemen...",104,2021-11-11 20:17:33,2021-11-29 12:09:03
91,3474,5789,"lopend buffet, is geen keuken of etende mensen....",104,2021-11-11 20:34:55,2021-11-29 12:09:03
92,3474,5840,"vuurwerk kan ik niet plaatsen, misschien oud/nieuw categorie ?",104,2021-11-11 21:19:46,2021-11-29 12:09:03
93,12827,5863,Toren in de zin van zendmast.,104,2021-11-11 21:33:29,2021-11-29 12:09:03
94,3474,5868,"planners met een kaart, geen categorie gevonden",104,2021-11-12 01:05:22,2021-11-29 12:09:03
95,3474,5872,geluidsstudio,104,2021-11-12 01:06:59,2021-11-29 12:09:03
96,3474,5875,foto van krant / reproductie,104,2021-11-12 01:08:23,2021-11-29 12:09:03
97,3474,5899,bobslee [sport overig],104,2021-11-12 12:47:27,2021-11-29 12:09:03
98,3474,5926,kogelslingeren [sport overig],104,2021-11-12 14:30:38,2021-11-29 12:09:03
99,3474,5936,reparatie bij sportcomplex ?,104,2021-11-12 14:33:45,2021-11-29 12:09:03
100,3474,5958,rails helaas geen trein maar wel gerelateerd..,104,2021-11-12 14:43:34,2021-11-29 12:09:03
101,2535,5963,Ik denk dat het hier om de kunstenaar/schilder van het kunstwerk gaat. Wellicht is de naam van deze kunstenaar al in de database bekend.,104,2021-11-12 15:44:12,2021-11-29 15:53:49
102,2535,5998,"Op de foto te zien: Prinses Beatrix. Omdat er een boompje op de voorgrond staat denk ik dat het om een Oranjeboom gaat, en dus een herdenking.",104,2021-11-12 16:21:48,2021-11-29 12:09:03
103,2535,6026,Koningin Julia ontvangt ...,104,2021-11-12 16:45:19,2021-11-29 12:09:03
104,2535,6027,Ik denk dat dit onderdeel is van een televisieopname. Ik heb gezocht op Delpher naar de tekst 'Naastenliefde kent geen mini-mode' wat je op het bord ziet staan. Dit leverde een paar keer een hit op van een krant onder de kop 'Televisieprogramma's'. Ik kon niet bedenken in welke categorie dit zou passen.,104,2021-11-12 16:53:43,2021-11-29 12:09:03
105,3474,6046,spelende kinderen,104,2021-11-12 17:03:34,2021-11-29 12:09:03
106,3474,6093,"sociale werkplaats, ? fabriek of niet...",104,2021-11-12 17:16:04,2021-11-29 12:09:03
107,3474,6132,drukwerk/repro?,104,2021-11-12 19:19:28,2021-11-29 12:09:03
108,3474,6189,judo [sport overig],104,2021-11-12 19:41:29,2021-11-29 12:09:03
109,2535,6195,Gezien de leuzen op de posters op de muur met over FNV en staken denk ik dat het hier om een staking van e.o.a. beroepsgroep gaat. Ik heb daarom gekozen voor de categorie demonstratie.,104,2021-11-12 19:43:06,2021-11-29 12:09:03
110,3474,6222,vliegtuig simulator ...,104,2021-11-12 19:56:36,2021-11-29 12:09:03
111,2535,6227,Cabaretvoorstelling van Jos Brink met Frank Sanders en Lucie de Lange. Omdat het om cabaret gaat heb dit als Theater aangemerkt.,104,2021-11-12 20:01:54,2021-11-29 12:09:03
112,3474,6225,wapens..,104,2021-11-12 21:19:03,2021-12-02 15:50:00
113,15899,6282,Dit is een SRV rijdende kruidenier. Daar is geen toepasselijke categorie voor gegeven.,104,2021-11-12 22:20:54,2021-11-29 15:53:49
114,15899,6297,Acteur Jules Croiset?,104,2021-11-12 22:29:21,2021-11-29 15:53:49
115,15899,6312,"dit betreft fiets onderdelen, met name fietsbel.",104,2021-11-12 22:36:42,2021-11-29 15:53:49
116,15899,6313,betreft een veemarkt?,104,2021-11-12 22:37:32,2021-11-29 15:53:49
117,15899,6315,Vlgs mij een sport verslaggeving.,104,2021-11-12 22:40:08,2021-11-29 15:53:49
118,15899,6322,Dit betreft een wegomlegging,104,2021-11-12 22:52:24,2021-11-29 15:53:49
119,15899,6333,Betreft hockey,104,2021-11-12 23:01:27,2021-11-29 15:53:49
120,3474,6312,fietsbel + ?,104,2021-11-13 09:55:12,2021-11-29 15:53:49
121,3474,6319,sport overig,104,2021-11-13 10:03:39,2021-11-29 15:53:49
122,3474,6395,vuurwerk?,104,2021-11-13 14:47:33,2021-11-29 15:53:49
123,3474,6419,studio ?,104,2021-11-13 14:53:19,2021-11-29 15:53:49
124,3474,6426,"jeu de boule, sport overig ?",104,2021-11-13 14:58:15,2021-11-29 15:53:49
125,3474,6456,"parachutist, sport overig?",104,2021-11-13 18:37:19,2021-11-29 15:53:49
126,3474,6635,sport overig,104,2021-11-14 12:59:38,2021-11-29 15:53:49
127,3474,6626,sport overig,104,2021-11-14 13:01:03,2021-11-29 15:53:49
128,3474,6654,stemmen ?,104,2021-11-14 13:02:11,2021-11-29 15:53:49
129,3474,6696,prins Claus op bezoek,104,2021-11-14 16:51:34,2021-11-29 15:53:49
130,3474,6669,? watermeter ?,104,2021-11-14 16:57:41,2021-11-29 15:53:49
131,3474,6721,sociale werkplaats...,104,2021-11-14 17:05:47,2021-11-29 15:53:49
132,3474,6722,sociale werkplaats ?,104,2021-11-14 17:06:58,2021-11-29 15:53:49
133,3474,6768,kranten artikel ?,104,2021-11-14 17:44:43,2021-11-29 15:53:49
134,3474,6838,sport overig,104,2021-11-14 20:36:02,2021-11-29 15:53:49
135,3474,6840,schiphol categorie?,104,2021-11-14 20:36:58,2021-11-29 15:53:49
136,3474,6850,EHBO niet echt ziekenhuis...,104,2021-11-15 00:38:16,2021-11-29 15:53:49
137,3474,6883,bezoek Beatrix,104,2021-11-15 00:46:46,2021-11-29 15:53:49
138,3474,6884,kindervakantie??,104,2021-11-15 00:47:35,2021-11-29 15:53:49
139,3474,6939,"masseur, sportoverig ?",104,2021-11-15 11:34:01,2021-11-29 15:53:49
140,3474,6945,"mini golf, sport  overig",104,2021-11-15 11:35:29,2021-11-29 15:53:49
141,3474,6947,golf sport overig,104,2021-11-15 11:36:07,2021-11-29 15:53:49
142,2535,6883,Koningin Beatrix met ...,104,2021-11-15 12:04:34,2021-11-29 15:53:49
143,2535,6943,Ik denk dat het om een staking van de buschauffeurs gaat. Daarom aangemerkt als demonstratie.,104,2021-11-15 12:10:12,2021-11-29 15:53:49
144,2535,6984,Ik twijfelde tussen de categorieën 'voetbal' of 'borden_gevelsteen'. Ik heb uiteindelijk voor de laatste gekozen omdat alleen het embleem is gefotografeerd en niet voetballers zelf.,104,2021-11-15 12:47:52,2021-11-29 15:53:49
145,2535,7085,Ik denk hier Prinses Juliana te herkennen.,104,2021-11-15 17:11:21,2021-11-29 15:53:49
146,3474,7206,vandalisme...,104,2021-11-15 21:08:59,2021-11-29 15:53:49
147,3474,7232,wachtruimte,104,2021-11-15 21:14:13,2021-11-29 15:53:49
148,3474,7276,catering..,104,2021-11-15 21:26:23,2021-11-29 15:53:49
149,3474,7285,tribune,104,2021-11-15 21:34:30,2021-11-29 15:53:49
150,3474,7317,kantklossen / handenarbeid,104,2021-11-15 21:42:59,2021-11-29 15:53:49
151,3474,7323,hijsen van klok,104,2021-11-15 21:44:31,2021-11-29 15:53:49
152,3474,7344,receptie,104,2021-11-15 22:55:17,2021-11-29 15:53:49
153,3474,7375,andre hazes,104,2021-11-16 00:31:56,2021-11-29 15:53:49
154,3474,7386,lijkt een beurs...,104,2021-11-16 10:30:46,2021-11-29 15:53:49
155,8613,7445,Lid koninklijkhuis. Claus,104,2021-11-16 11:28:30,2021-11-29 15:53:49
156,3474,7519,Beatrix en Claus,104,2021-11-16 12:41:25,2021-11-29 15:53:49
157,3474,7535,kindervakantiewerk ?,104,2021-11-16 12:46:35,2021-11-29 15:53:49
158,12564,7519,Opening bloemenstentoonstelling door Beatrix en Claus,104,2021-11-16 13:35:21,2021-11-29 15:53:49
159,12564,7520,Barkeeper belt voor een rondje drank,104,2021-11-16 13:36:28,2021-11-29 15:53:49
160,12564,7533,In een studio,104,2021-11-16 13:37:05,2021-11-29 15:53:49
161,12564,7542,amateur goochelaar,104,2021-11-16 13:38:46,2021-11-29 15:53:49
162,12564,7537,kind bij opticien,104,2021-11-16 13:39:10,2021-11-29 15:53:49
163,12564,7545,schoolkinderen met spaarpotjes,104,2021-11-16 13:39:45,2021-11-29 15:53:49
164,12564,7539,Moluks gezin,104,2021-11-16 13:40:22,2021-11-29 15:53:49
165,12564,7541,Muziekoptreden met als presentator Dick Passchier,104,2021-11-16 13:42:15,2021-11-29 15:53:49
166,12564,7535,Knutselende kinderen,104,2021-11-16 13:42:51,2021-11-29 15:53:49
167,12564,7523,Dansmarieke,104,2021-11-16 13:43:31,2021-11-29 15:53:49
168,12564,7536,spelende kinderen op een winkelplein,104,2021-11-16 13:44:24,2021-11-29 15:53:49
169,12564,7547,Beurs,104,2021-11-16 13:45:18,2021-11-29 15:53:49
170,12564,7524,uitleg aan schoolkinderen,104,2021-11-16 13:45:45,2021-11-29 15:53:49
171,12564,7554,kinderen met een zeilboot,104,2021-11-16 13:46:59,2021-11-29 15:53:49
172,18244,7620,"Dit is een studio. Weet niet waar deze onder thuishoort.
Groet Yvon",104,2021-11-16 14:15:01,2021-11-29 15:53:49
173,3474,7745,opschrift doos ?,104,2021-11-16 16:27:53,2021-11-29 15:53:49
174,3474,7764,jeu de boules [sport overig],104,2021-11-16 16:33:33,2021-11-29 15:53:49
175,3474,7776,kranten foto?,104,2021-11-16 16:36:55,2021-11-29 15:53:49
176,3474,7821,"darten, sport overig",104,2021-11-16 16:48:07,2021-11-29 15:53:49
177,18244,7836,"Betreft clubhuis, ontmoetingsruimte?",104,2021-11-16 16:54:55,2021-11-29 15:53:49
178,18244,7838,Overige spelen.,104,2021-11-16 16:56:29,2021-11-29 15:53:49
179,3474,8012,sociale werkplaats,104,2021-11-16 23:39:00,2021-11-29 15:53:49
180,3474,8065,klok,104,2021-11-16 23:40:48,2021-11-29 15:53:50
181,3474,8071,honkbal team,104,2021-11-17 00:57:54,2021-11-29 15:53:50
182,3474,8079,sporthal,104,2021-11-17 01:00:22,2021-11-29 15:53:50
183,3474,8079,sporthal,104,2021-11-17 01:00:23,2021-11-29 15:53:50
184,3474,8051,receptionist?,104,2021-11-17 01:01:34,2021-11-29 15:53:50
185,3474,7981,hal van [gebouw binnen] ?,104,2021-11-17 01:03:02,2021-11-29 15:53:50
186,8613,8075,Robert Long,104,2021-11-17 10:13:13,2021-11-29 15:53:50
187,3474,8092,reporter?,104,2021-11-17 10:24:32,2021-11-29 15:53:50
188,3474,8098,overstroming ?,104,2021-11-17 10:25:46,2021-11-29 15:53:50
189,3474,8106,veiling/industrie opslag?,104,2021-11-17 10:28:18,2021-11-29 15:53:50
190,8613,8120,Frits Lambrechts,104,2021-11-17 10:46:47,2021-11-29 15:53:50
191,8613,8150,Lid Koninklijk Huis. Bernard,104,2021-11-17 10:59:24,2021-11-29 15:53:50
192,3474,8286,onduidelijk overleg of zoiets...,104,2021-11-17 14:09:49,2021-11-29 15:53:50
193,3474,8288,klootschieten (sport overig),104,2021-11-17 14:13:51,2021-11-29 15:53:50
194,3474,8301,"onduidelijk, varkens vangen?",104,2021-11-17 14:17:45,2021-11-29 15:53:50
195,3474,8345,foutje?,104,2021-11-17 14:27:42,2021-11-29 15:53:50
196,12564,8296,nieuwbouw,104,2021-11-17 14:27:54,2021-11-29 15:53:50
197,12564,8345,tegelvloer,104,2021-11-17 14:28:24,2021-11-29 15:53:50
198,12564,8314,"geen idee wat dit is, ja een oprit maar waar naartoe en in welk land???",104,2021-11-17 14:29:19,2021-11-29 15:53:50
199,12564,8352,rijden op een kunststier,104,2021-11-17 14:29:53,2021-11-29 15:53:50
200,3474,8355,gebouw ongeluk ?,104,2021-11-17 14:30:27,2021-11-29 15:53:50
201,12564,8315,boerderij met erf,104,2021-11-17 14:30:39,2021-11-29 15:53:50
202,12564,8313,brandweerauto,104,2021-11-17 14:31:08,2021-11-29 15:53:50
203,12564,8305,Buurthuis?? waar gekaart wordt,104,2021-11-17 14:31:45,2021-11-29 15:53:50
204,12564,8364,modeshow voor ouderen,104,2021-11-17 14:33:31,2021-11-29 15:53:50
205,12564,8299,portret op vliegveld,104,2021-11-17 14:34:07,2021-12-02 14:11:45
206,12564,8298,onthulling van iets?,104,2021-11-17 14:35:02,2021-12-02 14:11:45
207,12564,8286,Vermoedelijk VVD bijeenkomst iig met een heel jonge Ed Nijpels,104,2021-11-17 14:36:32,2021-12-02 14:11:45
208,12564,8339,Koffiedrinkende vergaderende mensen,104,2021-11-17 14:38:22,2021-12-02 14:11:45
209,12564,8380,Het lijkt mij een drukkerij of printshop,104,2021-11-17 14:39:40,2021-12-02 14:11:45
210,12564,8303,Aankondiging renovatie schipholtunnel,104,2021-11-17 14:41:10,2021-12-02 14:11:45
211,12564,8357,Bloembollenpromotie,104,2021-11-17 14:41:51,2021-12-02 14:11:45
212,12564,8331,boerderijdieren in de klas,104,2021-11-17 14:42:50,2021-12-02 14:11:45
213,3474,8410,uitreiking driewieler?,104,2021-11-17 14:43:33,2021-12-02 14:11:45
214,12564,8302,tekst afgeleid van letters op nummerplaat,104,2021-11-17 14:45:32,2021-12-02 14:11:45
215,12564,8405,bouwplaats op zee,104,2021-11-17 14:46:07,2021-12-02 14:11:45
216,12564,8294,portret voor molen,104,2021-11-17 14:47:02,2021-12-02 14:11:45
217,3474,8421,veiling,104,2021-11-17 14:47:27,2021-12-02 14:11:45
218,12564,8424,Rob de Nijs,104,2021-11-17 14:48:55,2021-12-02 14:11:45
219,3474,8443,tuinder?,104,2021-11-17 15:00:27,2021-12-02 14:11:45
220,3474,8452,atletiek - sport overig,104,2021-11-17 15:03:37,2021-12-02 14:11:46
221,18244,8491,Dit zou onder een nieuwe categorie vliegtuig horen.,104,2021-11-17 18:37:12,2021-12-02 14:11:46
222,18244,8512,Deze hoort onder de nieuwe categorie koningshuis.,104,2021-11-17 18:39:52,2021-12-02 14:11:46
223,18244,8480,Vuilstort geen idee welke categorie.,104,2021-11-17 18:42:24,2021-12-02 14:11:46
224,18244,8561,Zou onder een nieuwe categorie vliegtuigen dienen te vallen.,104,2021-11-17 20:23:31,2021-12-02 14:11:46
225,18244,8568,Hier misschien ook andere categorie voor. Openingen.,104,2021-11-17 20:29:51,2021-12-02 14:11:46
226,18244,8577,Categorie opening.,104,2021-11-17 20:34:23,2021-12-02 14:11:46
227,18244,8578,Categorie opening.,104,2021-11-17 20:35:20,2021-12-02 14:11:46
228,18244,8587,Categorie gijzeling.,104,2021-11-17 20:39:18,2021-12-02 14:11:46
229,3474,8642,boek,104,2021-11-18 00:21:22,2021-12-02 14:11:46
230,3474,8673,fotoboek...,104,2021-11-18 12:38:11,2021-12-02 14:11:46
231,3474,8690,uurwerk?,104,2021-11-18 12:42:18,2021-12-02 14:11:46
232,3474,8726,sport overig,104,2021-11-18 12:53:17,2021-12-02 14:11:46
233,23144,8693,Man rechts op foto is oud wethouder van Haarlem Piet Sikma,104,2021-11-18 13:29:06,2021-11-29 16:14:57
234,3474,8841,schoonmaken...,104,2021-11-18 16:39:18,2021-12-02 14:11:46
235,3474,8811,"sjoelen, sport overig",104,2021-11-18 16:39:53,2021-11-29 16:14:57
236,3474,8896,jacht,104,2021-11-18 16:51:25,2021-12-02 14:11:46
237,3474,8981,spuitwedstrijd,104,2021-11-18 20:03:41,2021-12-02 14:11:46
238,3474,9063,sieraden,104,2021-11-19 01:23:33,2021-12-02 14:11:46
239,3474,9013,scorelijsten van ?,104,2021-11-19 01:24:33,2021-12-02 14:11:46
240,3474,9046,vuurwerk,104,2021-11-19 10:36:25,2021-11-29 16:14:57
241,3474,9059,vlaggen,104,2021-11-19 10:39:43,2021-11-29 16:14:57
242,12564,8997,muziekkorps,104,2021-11-19 12:05:18,2021-11-29 16:14:57
243,12564,9030,schietsport,104,2021-11-19 12:06:33,2021-11-29 16:14:57
244,12564,9102,varen op een gracht,104,2021-11-19 12:07:34,2021-11-29 16:14:57
245,12564,9091,portret van wielrenner,104,2021-11-19 12:08:03,2021-11-29 16:14:57
246,12564,9126,oefening brandweer,104,2021-11-19 12:08:21,2021-11-29 16:14:57
247,12564,9127,verkleed voetbal,104,2021-11-19 12:08:50,2021-11-29 16:14:57
248,12564,9128,DJ's draaien muziek,104,2021-11-19 12:09:30,2021-11-29 16:14:57
249,12564,9131,pssrd en huifkar,104,2021-11-19 12:10:09,2021-11-29 16:14:57
250,12564,9132,portret echtpaar 60 jarig huwelijk,104,2021-11-19 12:29:05,2021-11-29 16:14:57
251,12564,9133,schooltuintjes,104,2021-11-19 12:29:30,2021-11-29 16:14:57
252,12564,9138,caravan,104,2021-11-19 12:30:33,2021-11-29 16:14:57
253,12564,9139,hertenkamp,104,2021-11-19 12:30:51,2021-11-29 16:14:57
254,12564,9148,uil,104,2021-11-19 12:32:50,2021-11-29 16:14:57
255,12564,9149,schilder aan het werk,104,2021-11-19 12:33:16,2021-11-29 16:14:57
256,12564,9152,Rob de Nijs,104,2021-11-19 12:34:14,2021-11-29 16:14:57
257,12564,9153,buseis voor ouderen,104,2021-11-19 12:34:35,2021-11-29 16:14:57
258,12564,9158,ongeluk,104,2021-11-19 12:35:51,2021-11-29 16:14:57
259,12564,9162,bouwplaats vlaghijsen?,104,2021-11-19 12:38:02,2021-11-29 16:14:57
260,12564,9163,redding koe,104,2021-11-19 12:38:20,2021-11-29 16:14:57
261,12564,9172,golven met echtpaar Hughes (Barry en Ellen),104,2021-11-19 12:41:23,2021-11-29 16:14:57
262,3474,9179,spoorweg (overgang) ?,104,2021-11-19 13:53:45,2021-11-29 16:14:57
263,18244,9487,"Moeilijk te zien, maar lijkt me geen wielrennen.",104,2021-11-19 18:18:17,2021-11-29 16:14:57
264,18244,9505,Betreft foto van stemlokaal. Aparte categorie.,104,2021-11-19 18:21:06,2021-11-29 16:14:57
265,3474,9540,film opnames,104,2021-11-19 18:31:03,2021-11-29 16:14:57
266,3474,9556,trap/interieur,104,2021-11-19 18:39:50,2021-11-29 16:14:57
267,3474,9560,servies,104,2021-11-19 18:43:11,2021-11-29 16:14:57
268,3474,9586,ringsteken sport overig,104,2021-11-19 18:48:26,2021-11-29 16:14:57
269,3474,9592,fietsen transportmiddel overig,104,2021-11-19 18:50:42,2021-11-29 16:14:57
270,3474,9595,vliegtuig transport overig,104,2021-11-19 18:51:43,2021-11-29 16:14:57
271,3474,9603,gokken / casino,104,2021-11-19 18:53:19,2021-11-29 16:14:57
272,3474,9606,receptie,104,2021-11-19 18:54:05,2021-11-29 16:14:57
273,3474,9615,interieur,104,2021-11-19 18:56:15,2021-11-29 16:14:57
274,3474,9658,sporthal,104,2021-11-19 19:03:34,2021-11-29 16:14:57
275,3474,9667,bruiloft?,104,2021-11-19 19:06:39,2021-11-29 16:14:57
276,3474,9680,"boogschieten, sport overig",104,2021-11-19 19:08:44,2021-11-29 16:14:57
277,3474,9714,met foute plakker erop,104,2021-11-19 21:32:04,2021-11-29 16:14:57
278,3474,9723,televisie opname,104,2021-11-19 21:34:35,2021-11-29 16:14:57
279,3474,9742,gasmasker...,104,2021-11-19 21:48:40,2021-12-02 14:11:46
280,3474,9753,tentoonstelling,104,2021-11-19 23:51:37,2021-11-29 16:14:57
281,3474,9761,tentoonstelling,104,2021-11-19 23:53:07,2021-11-29 16:14:57
282,3474,9785,vliegveld,104,2021-11-20 12:20:56,2021-11-29 16:14:57
283,3474,9822,ontvangst koningin,104,2021-11-20 12:31:28,2021-11-29 16:14:57
284,12564,9896,Twee heren met een fruitschaal,104,2021-11-20 14:11:41,2021-11-29 16:14:57
285,12564,9862,mensen lezen de krant in een etalage,104,2021-11-20 14:12:38,2021-11-29 16:14:57
286,12564,9877,Biljarten 3 banden,104,2021-11-20 14:13:26,2021-11-29 16:14:57
287,12564,9897,Radio reporter,104,2021-11-20 14:14:12,2021-11-29 16:14:57
288,3474,9867,grapje,104,2021-11-20 15:09:59,2021-11-29 16:14:57
289,3474,9999,opslag goederen,104,2021-11-20 15:16:50,2021-11-29 16:14:57
290,3474,9891,hennep plantage,104,2021-11-20 15:18:27,2021-11-29 16:14:57
291,3474,10121,vuilverwerking?,104,2021-11-20 16:29:06,2021-11-29 16:14:57
292,3474,10136,afvalverwerking,104,2021-11-20 16:32:12,2021-11-29 16:14:57
293,3474,10143,luchthaven,104,2021-11-20 16:33:30,2021-11-29 16:14:57
294,3474,10149,speeltuin huttenbouw,104,2021-11-20 16:35:11,2021-11-29 16:14:57
295,3474,10150,model helikopter,104,2021-11-20 16:35:37,2021-11-29 16:14:57
296,3474,10192,museum,104,2021-11-20 16:44:16,2021-11-29 16:14:57
297,3474,10248,tentoonstelling,104,2021-11-20 17:51:59,2021-11-29 16:14:57
298,3474,10293,sport overig,104,2021-11-20 18:07:18,2021-12-02 14:11:46
299,3474,10296,bollenpellen = landbouw,104,2021-11-20 18:08:27,2021-12-02 14:11:46
300,3474,10322,parachutist ?,104,2021-11-20 18:12:55,2021-12-02 14:11:46
301,3474,10370,sjoelen - sport overig,104,2021-11-20 19:47:18,2021-12-02 14:11:46
302,3474,10373,mobiel terras ?,104,2021-11-20 19:50:17,2021-12-02 14:11:46
303,3474,10383,hobby,104,2021-11-20 19:58:51,2021-12-02 14:11:46
304,12564,9911,oefenterrein voor springruiters,104,2021-11-21 04:11:20,2021-12-02 14:11:46
305,12564,10254,Sint en Piet in de kelderruimte van een gebouw,104,2021-11-21 04:13:41,2021-12-02 14:11:46
306,12564,10248,de krant De Tijd in een stand op een beurs,104,2021-11-21 04:14:49,2021-12-02 14:11:46
307,12564,10370,Sjoelen,104,2021-11-21 04:16:31,2021-12-02 14:11:46
308,12564,10236,blessure bij het voetballen,104,2021-11-21 04:17:27,2021-12-02 14:11:46
309,12564,10253,schaakwedstrijd,104,2021-11-21 04:20:20,2021-12-02 14:11:46
310,12564,10296,"kwekerij, bloembollen sorteren",104,2021-11-21 04:21:04,2021-12-02 14:11:46
311,12564,10375,buurt of straat BBQ,104,2021-11-21 04:22:31,2021-12-02 14:11:46
312,12564,10276,laadstation voor vrachtwagens,104,2021-11-21 04:22:58,2021-12-02 14:11:46
313,12564,10231,kerk in brand,104,2021-11-21 04:25:15,2021-12-02 14:11:46
314,12564,10335,kunstschilder in zijn atelier,104,2021-11-21 04:26:16,2021-12-02 14:11:46
315,12564,10332,rugby,104,2021-11-21 04:26:58,2021-12-02 14:11:46
316,12564,10297,Moslims kopen een schaap voor na de ramadan,104,2021-11-21 04:28:04,2021-12-02 14:11:46
317,12564,10278,tandarts,104,2021-11-21 04:29:32,2021-12-02 14:11:46
318,3474,10410,wandelstok,104,2021-11-21 07:36:12,2021-12-02 14:11:46
319,3474,10417,plechtigheid ?,104,2021-11-21 07:38:20,2021-12-02 14:11:46
320,3474,10420,sleutelhanger,104,2021-11-21 07:39:15,2021-12-02 14:11:46
321,3474,10421,tentoonstelling/beurs,104,2021-11-21 07:40:07,2021-12-02 14:11:46
322,3474,10460,tentoonstelling,104,2021-11-21 10:57:40,2021-12-02 14:11:46
323,15899,10530,Dit betreft een cursus zoiets als BHV,104,2021-11-21 14:44:59,2021-12-02 14:11:46
324,15899,10576,dit gaat over een clubgebouw!,104,2021-11-21 14:48:38,2021-12-02 14:11:46
325,15899,10576,Kan ook label kantine gebruiken,104,2021-11-21 14:49:33,2021-12-02 14:11:46
326,15899,10539,Dit moet label 'bordspel' of 'scrabble' krijgen,104,2021-11-21 14:51:56,2021-12-02 14:11:46
327,15899,10522,Dit betreft collectie voor een goed doel.,104,2021-11-21 14:53:55,2021-12-02 14:11:46
328,18244,10659,Betreft judo.,104,2021-11-21 19:20:28,2021-12-02 14:11:46
329,18244,10627,Betreft opening.,104,2021-11-21 19:25:33,2021-12-02 14:11:46
330,18244,10671,Betreft carnaval,104,2021-11-21 19:29:17,2021-12-02 14:11:46
331,18244,10717,Betreft Schiphol vertrekhal.,104,2021-11-21 19:44:08,2021-12-02 14:11:46
332,3474,10786,defect,104,2021-11-21 20:49:03,2021-12-02 14:11:46
333,3474,10787,luchthaven,104,2021-11-21 20:49:24,2021-12-02 14:11:46
334,3474,10805,vliegtuig,104,2021-11-22 10:20:34,2021-12-02 14:11:46
335,3474,10822,squash sport overig,104,2021-11-22 10:25:52,2021-12-02 14:11:46
336,3474,10823,studio,104,2021-11-22 10:26:24,2021-12-02 14:11:46
337,3474,10845,golf sport overig,104,2021-11-22 13:12:11,2021-12-02 14:11:46
338,12564,10261,Het lijkt een protest met koeienmest voor een stadhuis,104,2021-11-23 10:36:59,2021-12-02 14:11:46
339,18244,1007,"Ik kies hiervoor theater, omdat dit de eerste ingave is. Het wordt wel in een kerk binnen gespeeld.",104,2021-11-23 17:37:30,2021-12-01 09:30:17
340,18244,1007,"Ik kies hiervoor theater, omdat dit de eerste ingave is. Het wordt wel in een kerk binnen gespeeld.",104,2021-11-23 17:37:34,2021-12-01 09:30:17
341,18244,1016,"Ook hier zou portret ook kunnen, maar ik heb voor dieren overig gekozen.
Graag even bericht wat of hier de voorkeur heeft.",104,2021-11-23 17:42:01,2021-12-02 14:11:46
342,9600,1024,Op deze foto Koningin Juliana,104,2021-11-23 17:58:29,2021-12-01 09:29:13
343,18244,1080,"Ook hierbij stel ik speech boven militair.
Is dit een goede interpretatie?",104,2021-11-23 17:59:25,2021-12-02 14:11:46
344,9600,1024,"Misschien nieuw label ""Koningshuis""",104,2021-11-23 17:59:35,2021-12-02 14:11:46
345,12564,1048,"Volgens mij is dit een repetitie van een muziekgezelschap en géén muziekoptreden, er nl geen publiek",104,2021-11-23 18:32:39,2021-12-02 14:11:46
346,12564,1050,portret van een jongen met fiets,104,2021-11-23 18:33:28,2021-12-02 14:11:46
347,3474,1053,"afleggen van een eed, lijkt mij het meeste op een uitreiking/huldiging",104,2021-11-23 19:14:19,2021-12-02 14:11:46
348,3474,1058,Willem Duys op bezoek in een woonkamer,104,2021-11-23 19:18:10,2021-12-01 09:29:13
349,3474,1081,volgelingen van Hare Krisna kun je ook als geestelijken zien....,104,2021-11-23 19:54:00,2021-12-02 15:50:00
350,18244,1137,Het betreft hier een show van André van Duin. Ik weet niet of bekende Nederlanders apart benoemd dienen te worden.,104,2021-11-23 20:12:36,2021-12-01 09:29:13
351,3474,1179,Juliana,104,2021-11-23 20:19:53,2021-12-01 09:29:13
352,18244,1234,"Lastig om hier een categorie aan toe te voegen. De enige die in de buurt komt is ongeluk brancard.
Het lijkt om een rampenoefening.",104,2021-11-23 20:27:07,2021-12-02 14:11:46
353,18244,1235,Het lijkt erop dat dit Anton Geesink is.,104,2021-11-23 20:28:01,2021-12-01 09:29:13
354,18244,1252,betreft stemmen tellen.,104,2021-11-23 20:28:42,2021-12-02 14:11:46
355,3474,1236,Mieke Telkamp en ???,104,2021-11-23 20:38:08,2021-12-01 09:29:13
356,18244,1302,"aan de schoen te zien zou ik zeggen voetbal, maar het zou ook handbal kunnen zijn.",104,2021-11-23 20:47:03,2021-12-02 14:11:46
357,18244,1307,Lastig om hier een goede categirie aan toe te kennen.,104,2021-11-23 20:49:25,2021-12-02 14:11:46
358,3474,1495,judo  sport overig?,104,2021-11-23 21:43:23,2021-12-02 14:11:46
359,3474,1497,museum ?,104,2021-11-23 21:44:12,2021-12-02 14:11:46
360,18244,1545,Dit lijkt me een radiostudio.,104,2021-11-23 22:55:27,2021-12-02 14:11:46
361,18244,1572,Internationale vergadering met minister Luns en premier de Jong.,104,2021-11-23 23:07:33,2021-12-01 09:29:13
362,18244,1579,Betreft Carnaval,104,2021-11-23 23:10:57,2021-12-02 14:11:46
363,3474,1626,ringsteken sport overig,104,2021-11-23 23:41:58,2021-12-02 14:11:46
364,3474,1630,opname programma,104,2021-11-23 23:43:25,2021-12-02 14:11:46
365,3474,1697,casino,104,2021-11-24 00:02:45,2021-12-02 14:11:46
366,3474,1705,Robert Long ?,104,2021-11-24 00:05:08,2021-12-01 09:29:13
367,3474,1737,speelgoed,104,2021-11-24 08:16:28,2021-12-02 14:11:46
368,12564,1764,waaghals op ladder,104,2021-11-24 08:25:43,2021-12-02 14:11:46
369,12564,1776,vogelopvang,104,2021-11-24 08:27:44,2021-12-02 14:11:46
370,12564,1779,promotie team voor ??? produkt,104,2021-11-24 08:34:26,2021-12-02 14:11:46
371,12564,1780,Beren van een circus lijkt mij,104,2021-11-24 08:36:00,2021-12-02 14:11:46
372,12564,1782,Bouwrijp maken van bouwgrond,104,2021-11-24 08:38:07,2021-12-02 14:47:44
373,12564,1786,Het lijkt op een spel,104,2021-11-24 08:41:07,2021-12-02 14:47:44
374,12564,1795,Modelboten hobby,104,2021-11-24 08:45:15,2021-12-02 14:47:44
375,12564,1805,Bezoek van Beatrix aan een gemeente,104,2021-11-24 08:49:02,2021-12-01 09:29:13
376,22896,1804,oud premier van agt,104,2021-11-24 09:23:49,2021-12-01 09:29:14
377,22896,1814,Robert long en leen Jongewaard,104,2021-11-24 09:30:43,2021-12-01 09:29:14
378,13945,1967,"Op deze foto staat een bekend personage (presentatrice?), maar ik ben de naam vergeten",104,2021-11-24 10:32:29,2021-12-01 09:29:14
379,22896,1966,dick advocaat als assistent trainer bij Haarlem,104,2021-11-24 10:34:13,2021-12-01 09:29:14
380,22896,2011,koningin Juliana,104,2021-11-24 11:01:27,2021-12-01 09:29:14
381,22896,2032,prins Bernhard,104,2021-11-24 11:16:21,2021-12-01 09:29:14
382,13945,2191,Bekend personage: de meneer rechts op de foto (met de bloemen) is volgens mij motorcoureur Boet van Dulmen.,104,2021-11-24 12:21:08,2021-12-01 09:29:14
383,3474,2103,carnaval,104,2021-11-24 13:29:18,2021-12-02 14:47:44
384,12564,1806,reparatie torenspits van kerk,104,2021-11-24 16:22:12,2021-12-02 14:47:44
385,12564,2675,portret duivenhobby,104,2021-11-24 16:24:35,2021-12-02 14:47:44
386,12564,2682,kledingverzamelen voor Tunesië,104,2021-11-24 16:25:52,2021-12-02 14:47:44
387,12564,2689,Praatpaal lang snelweg,104,2021-11-24 16:27:45,2021-12-02 14:47:44
388,12564,2692,portret van tiener met zelf samengestelde brommer,104,2021-11-24 16:28:56,2021-12-02 14:47:44
389,12564,2695,Paalzitten (wedstrijd),104,2021-11-24 16:29:59,2021-12-02 14:47:44
390,12564,2695,paalzitten,104,2021-11-24 16:30:27,2021-12-02 14:47:44
391,12564,2701,de eerste man heeft een medaille om dus....,104,2021-11-24 16:33:58,2021-12-02 14:47:44
392,12564,2704,Willem Nijholt de acteur in zijn jonge jaren,104,2021-11-24 16:34:57,2021-12-02 14:47:44
393,12564,2713,Openbare aankondiging ivm de treinkaping,104,2021-11-24 16:39:01,2021-12-02 14:47:44
394,12564,2718,bospark met muziektent,104,2021-11-24 16:41:05,2021-12-02 14:47:44
395,12564,2724,wasplaats op zigeunerkamp,104,2021-11-24 16:43:08,2021-12-02 14:47:44
396,12564,2727,fietswedstrijd op tandem voor verstandelijk beperkten,104,2021-11-24 16:44:22,2021-12-02 14:47:44
397,12564,2727,fietswedstrijd op tandem voor verstandelijk beperkten,104,2021-11-24 16:44:54,2021-12-02 14:47:44
398,12564,2728,Dit lijkt op rij wachtenden voor een receptie,104,2021-11-24 16:45:50,2021-12-02 14:47:44
399,3474,2779,pop,104,2021-11-24 16:46:43,2021-12-02 14:47:44
400,3474,2809,uitstalling/museum,104,2021-11-24 16:51:07,2021-12-02 14:47:44
401,3474,2877,luchthaven/vliegtuig,104,2021-11-24 17:03:44,2021-12-02 14:47:44
402,3474,2887,gebroken plafond lijst  bouwgebrek,104,2021-11-24 17:05:22,2021-12-02 14:47:44
403,3474,2892,opslag,104,2021-11-24 17:06:23,2021-12-02 14:47:44
404,3474,2910,interview,104,2021-11-24 17:10:08,2021-12-02 14:47:44
405,3474,3236,Rijk de Gooyer,104,2021-11-24 19:59:57,2021-12-02 14:47:44
406,3474,3249,autosloperij,104,2021-11-24 20:04:22,2021-12-02 14:47:44
407,3474,3255,Andre van Duin en Corry van Gorp,104,2021-11-24 20:05:49,2021-12-02 14:47:44
408,3474,3256,"Boek signeer sessie door Bas de Gaay Fortman van het boek ""De kunst van het ivoor draaien""",104,2021-11-24 20:09:55,2021-12-02 14:47:44
409,3474,3630,receptie,104,2021-11-24 20:51:23,2021-12-02 14:47:44
410,3474,3636,museum,104,2021-11-24 20:53:31,2021-12-02 14:47:44
411,3474,3689,discussie/relletje?,104,2021-11-24 22:07:35,2021-12-02 14:47:44
412,3474,3692,gymnastiek toestel op braderie ?,104,2021-11-24 22:08:51,2021-12-02 14:47:44
413,3474,3709,ontspanningsruimte zwembad,104,2021-11-24 22:13:47,2021-12-02 14:47:44
414,3474,3715,gang in school,104,2021-11-24 22:15:50,2021-12-02 14:47:44
415,3474,3725,golf sport overig,104,2021-11-24 22:18:06,2021-12-02 14:47:44
416,3474,3725,golf sport overig,104,2021-11-24 22:18:08,2021-12-02 14:47:44
417,3474,3729,Koningin Beatrix,104,2021-11-24 22:20:59,2021-12-02 14:47:44
418,3474,3740,spelletjes,104,2021-11-24 22:24:23,2021-12-02 14:47:44
419,18244,3471,Hier twijfel ik over straat. Dan sluit de categorie bakkerij volgens mij beter aan.,104,2021-11-24 22:28:38,2021-12-02 14:47:44
420,3474,3798,boek kopie,104,2021-11-24 23:47:09,2021-12-02 14:47:44
421,3474,3801,volkstuin,104,2021-11-24 23:47:54,2021-12-02 14:47:44
422,3474,3816,boortoren,104,2021-11-24 23:51:50,2021-12-02 14:47:44
423,3474,3821,Anton Pieck,104,2021-11-24 23:54:16,2021-12-02 14:47:44
424,3474,3838,ijspret,104,2021-11-25 00:04:57,2021-12-02 14:47:44
425,3474,3839,geld automaat,104,2021-11-25 00:05:19,2021-12-02 14:47:44
426,3474,3939,opslag,104,2021-11-25 00:12:45,2021-12-02 14:47:44
427,3474,3940,parkeerplaats schiphol,104,2021-11-25 00:13:16,2021-12-02 14:47:44
428,3474,3955,golf sport overig,104,2021-11-25 00:17:33,2021-12-02 14:47:44
429,3474,3958,tafel biljart sport overig,104,2021-11-25 00:19:02,2021-12-02 14:47:44
430,3474,3962,judo sport overig,104,2021-11-25 00:19:58,2021-12-02 14:47:44
431,3474,3978,duiker,104,2021-11-25 09:51:25,2021-12-02 14:47:44
432,3474,3994,veiling,104,2021-11-25 09:56:01,2021-12-02 14:47:44
433,3474,4014,bezichtiging glastuinbouw,104,2021-11-25 10:18:57,2021-12-02 14:47:44
434,9600,3895,"Wim Duisenberg, Nederlandse econoom",104,2021-11-25 10:31:21,2021-12-02 14:47:44
435,3474,4023,gevaarlijke situatie / probleem,104,2021-11-25 10:42:35,2021-12-02 15:14:06
436,3474,4043,spoorweg (overgang),104,2021-11-25 10:47:28,2021-12-02 15:14:06
437,18244,3541,Lijkt op een boomplantdag.,104,2021-11-25 11:16:44,2021-12-02 15:14:06
438,18244,3858,Deze zou ook onder sneeuwlandschap kunnen.,104,2021-11-25 11:33:05,2021-12-02 15:14:06
439,18244,3876,Dit lijkt mij Rutger Hauer acteur.,104,2021-11-25 11:41:28,2021-12-02 15:14:06
440,18244,3890,Dit betreft stemlokaal.,104,2021-11-25 11:46:26,2021-12-02 15:14:06
441,18244,3891,Hier staat Hans Weijers op.,104,2021-11-25 11:48:20,2021-12-02 15:14:06
442,3474,4389,telescoop,104,2021-11-25 15:02:16,2021-12-02 15:14:06
443,3474,4407,sint maarten ? volksfeest,104,2021-11-25 15:09:51,2021-12-02 15:14:06
444,3474,4435,metro?,104,2021-11-25 15:12:00,2021-12-02 15:14:06
445,12564,4223,Vuurtorenlampen,104,2021-11-25 15:12:12,2021-12-02 15:14:06
446,12564,4231,vekleedfeestje schoolkinderen,104,2021-11-25 15:13:46,2021-12-02 15:14:06
447,12564,4239,toneelstuk op het ijs,104,2021-11-25 15:14:24,2021-12-02 15:14:06
448,12564,4254,"Het lijkt mij een dierententoonstelling waar de dieren gekeurd worden : eigenaar met konijn, links de keurmeester",104,2021-11-25 15:18:25,2021-12-02 15:14:06
449,12564,4278,Vliegtuigen in hangar,104,2021-11-25 15:20:18,2021-12-02 15:14:06
450,12564,4285,Het lijkt op kinderspellen voor bv Koninginnedag,104,2021-11-25 15:22:00,2021-12-02 15:14:06
451,12564,4312,ongelukje op het voetbalveld,104,2021-11-25 15:25:27,2021-12-02 15:14:06
452,12564,4320,jeugdfoto regiseur Weiss,104,2021-11-25 15:26:11,2021-12-02 15:14:06
453,12564,4342,grote octopus,104,2021-11-25 15:29:43,2021-12-02 15:14:06
454,12564,4344,toespraak van Mient-Jan Faber,104,2021-11-25 15:32:31,2021-12-02 15:14:06
455,12564,4361,Mensen wachten op een bank voor het Dolfinarium,104,2021-11-25 15:34:53,2021-12-02 15:14:06
456,12564,4385,Vergadering waarbij er iemand de interruptie microfoon benut,104,2021-11-25 15:37:33,2021-12-02 15:14:06
457,12564,4413,vijver,104,2021-11-25 15:39:20,2021-12-02 15:14:06
458,12564,4414,kinderen maken reclame op de markt voor hun musical,104,2021-11-25 15:40:11,2021-12-02 15:14:06
459,12564,4416,Mensen luisteren naar een toespraak,104,2021-11-25 15:40:57,2021-12-02 15:14:06
460,12564,4419,humoristisch bordje voor in de auto,104,2021-11-25 15:42:53,2021-12-02 15:49:10
461,12564,4421,Kasteel,104,2021-11-25 15:44:02,2021-12-02 15:14:06
462,12564,4422,antieke auto,104,2021-11-25 15:44:23,2021-12-02 15:14:06
463,12564,4423,lopend buffet,104,2021-11-25 15:45:06,2021-12-02 15:14:06
464,12564,4448,Buffet in restaurant,104,2021-11-25 15:47:04,2021-12-02 15:14:06
465,12564,4457,filmset,104,2021-11-25 15:58:30,2021-12-02 15:14:06
466,12564,4486,Apotheek binnen,104,2021-11-25 16:02:33,2021-12-02 15:14:06
467,12564,4489,linoleumsnijden,104,2021-11-25 16:03:34,2021-12-02 15:14:06
468,12564,4492,spoorwegovergang,104,2021-11-25 16:04:26,2021-12-02 15:14:06
469,12564,4499,casino,104,2021-11-25 16:04:57,2021-12-02 15:14:06
470,3474,5157,stormschade,104,2021-11-25 20:54:58,2021-12-02 15:14:06
471,3474,5166,"te donker, restaurant?",104,2021-11-25 20:56:15,2021-12-02 15:14:06
472,3474,5179,luchtreclame,104,2021-11-25 20:58:04,2021-12-02 15:14:06
473,3474,5181,sleutel ?,104,2021-11-25 20:58:37,2021-12-02 15:14:06
474,3474,5339,sieraad/medaillon,104,2021-11-25 21:04:33,2021-12-02 15:14:06
475,3474,5391,bejaardenhuis,104,2021-11-25 21:15:53,2021-12-02 15:14:06
476,3474,5393,ongeluk,104,2021-11-25 21:17:08,2021-12-02 15:14:06
477,3474,5573,landbouw tentoonstelling,104,2021-11-25 21:25:20,2021-12-02 15:14:06
478,3474,5584,opruimen kanaal,104,2021-11-26 00:18:53,2021-12-02 15:14:06
479,3474,5613,golf sport overig,104,2021-11-26 00:26:03,2021-12-02 15:14:06
480,3474,5666,waterfietsen/boten?,104,2021-11-26 08:54:41,2021-12-02 15:14:06
481,3474,5678,Robert Long,104,2021-11-26 08:59:21,2021-12-02 15:14:06
482,3474,5685,judo sport overig,104,2021-11-26 09:02:29,2021-12-02 15:14:06
483,3474,5688,Tractor vervoermiddel,104,2021-11-26 09:03:50,2021-12-02 15:14:06
484,3474,5723,kindervakantiewerk?,104,2021-11-26 11:13:26,2021-12-02 15:14:06
485,3474,5725,Koningin Juliana,104,2021-11-26 11:14:09,2021-12-02 15:14:07
486,3474,5998,Beatrix?,104,2021-11-26 11:25:19,2021-12-02 15:14:07
487,3474,6026,Juliana,104,2021-11-26 11:54:24,2021-12-02 15:14:07
488,2535,5709,Ik denk dat het hier om de voetballer Beer Wentink gaat.,104,2021-11-26 12:00:40,2021-12-02 15:14:07
489,3474,6108,rolschaatsen sport overig?,104,2021-11-26 12:52:12,2021-12-02 15:14:07
490,12564,4517,Redding door brandweer!,104,2021-11-26 13:30:58,2021-12-02 15:14:07
491,12564,6066,volgens mij is het een huiskamer,104,2021-11-26 13:33:09,2021-12-02 15:14:07
492,12564,6086,Biljarten in biljartzaal of buurthuis,104,2021-11-26 13:35:01,2021-12-02 15:14:07
493,12564,6104,Tentoonstelling binnen van bloemen,104,2021-11-26 13:35:55,2021-12-02 15:14:07
494,12564,6122,volklore dansen,104,2021-11-26 13:36:28,2021-12-02 15:14:07
495,12564,6132,advertenties voor kinderoppas,104,2021-11-26 13:37:20,2021-12-02 15:14:07
496,12564,6156,Carnaval,104,2021-11-26 13:37:58,2021-12-02 15:14:07
497,12564,6201,Onthulling straatnaam of pleinbord,104,2021-11-26 13:40:15,2021-12-02 15:14:07
498,12564,6218,Jack Jeysey LP uitgebracht,104,2021-11-26 13:41:50,2021-12-02 15:14:07
499,12564,6227,"Theater show van Jos Brink en Frank Sanders, helaas weet ik niet meer de naam van de actrice",104,2021-11-26 13:46:47,2021-12-02 15:14:07
500,12564,6282,De SRV wagen,104,2021-11-26 13:48:38,2021-12-02 15:14:07
501,12564,6299,IJshockey,104,2021-11-26 13:50:10,2021-12-02 15:14:07
502,12564,6317,Vrijmarkt,104,2021-11-26 13:51:06,2021-12-02 15:14:07
503,12564,6333,Zaalhockey,104,2021-11-26 13:53:03,2021-12-02 15:14:07
504,12564,6373,Stratenmakers,104,2021-11-26 13:55:50,2021-12-02 15:14:07
505,12564,6387,Reclamefoto voor Art Galery,104,2021-11-26 13:57:39,2021-12-02 15:14:07
506,12564,6405,Cursus leren patroontekenen,104,2021-11-26 13:59:09,2021-12-02 15:14:07
507,22896,6442,Yvonne van Gennip,104,2021-11-26 14:03:27,2021-12-02 15:14:07
508,3474,6448,ramp?,104,2021-11-26 14:05:34,2021-12-02 15:14:07
509,3474,6507,Gert en Hermien Timmermans ???,104,2021-11-26 14:11:15,2021-12-02 15:14:07
510,3474,6528,steiger detail,104,2021-11-26 14:14:58,2021-12-02 15:14:07
511,3474,6558,(model) vliegtuig,104,2021-11-26 14:17:47,2021-12-02 15:14:07
512,22896,6746,Betend Boudewijn,104,2021-11-26 14:59:12,2021-12-02 15:14:07
513,22896,6792,Ramses Shaffy,104,2021-11-26 15:40:28,2021-12-02 15:14:07
514,3474,6667,camera / filmopname,104,2021-11-26 15:44:15,2021-12-02 15:14:07
515,3474,6799,krant met knuffel?,104,2021-11-26 15:45:12,2021-12-02 15:14:07
516,3474,6981,Geen kunstwerken maar expositie....,104,2021-11-26 15:54:21,2021-12-02 15:14:07
517,3474,6984,logo,104,2021-11-26 15:55:50,2021-12-02 15:14:07
518,3474,7001,Godfried Bomans,104,2021-11-26 15:58:25,2021-12-02 15:14:07
519,3474,7017,"hutten bouwen, kindervakantiewerk",104,2021-11-26 16:00:27,2021-12-02 15:14:07
520,3474,7061,kindervakantiewerk,104,2021-11-26 16:04:49,2021-12-02 15:14:07
521,3474,7065,vogeltentoonstelling/wedstrijd,104,2021-11-26 16:06:05,2021-12-02 15:14:07
522,3474,7069,tafelvoetbal sport overig,104,2021-11-26 16:07:18,2021-12-02 15:14:07
523,22896,6883,Koningin Beatrix,104,2021-11-26 16:40:37,2021-12-02 15:14:07
524,18244,6922,Dit was een beroemde pianist Louis van Dijk.,104,2021-11-26 17:35:35,2021-12-02 15:14:07
525,3474,7082,Godfried Bomans,104,2021-11-26 18:09:13,2021-12-02 15:14:07
526,3474,7085,Juliana,104,2021-11-26 18:10:07,2021-12-02 15:14:07
527,3474,7102,knutselen,104,2021-11-26 18:12:26,2021-12-02 15:14:07
528,3474,7113,2e hands meubelen,104,2021-11-26 18:13:58,2021-12-02 15:14:07
529,3474,7176,Blijkbaar Supertramp volgens de beide albums....,104,2021-11-26 18:53:51,2021-12-02 15:14:07
530,3474,7178,Andre van Duin,104,2021-11-26 18:54:50,2021-12-02 15:14:07
531,9600,7431,Koninklijke familie op foto,104,2021-11-26 19:06:35,2021-12-02 15:14:07
532,9600,7445,Prins Claus,104,2021-11-26 19:11:55,2021-12-02 15:14:07
533,3474,7560,sjoelen sport overig,104,2021-11-26 22:50:12,2021-12-02 15:14:07
534,3474,7671,beurs expositie,104,2021-11-26 22:57:30,2021-12-02 15:14:07
535,3474,7673,bushalte,104,2021-11-26 22:58:00,2021-12-02 15:31:59
536,3474,7677,vitrine met schalen,104,2021-11-26 22:59:09,2021-12-02 15:31:59
537,3474,7691,Robert Long?,104,2021-11-26 23:01:17,2021-12-02 15:31:59
538,3474,7696,vliegtuig,104,2021-11-26 23:01:57,2021-12-02 15:31:59
539,3474,7705,geparkeerde fietsen... probleem ?,104,2021-11-26 23:04:23,2021-12-02 15:31:59
540,3474,7709,onderonsje,104,2021-11-26 23:07:08,2021-12-02 15:31:59
541,3474,7733,badminton sport overig,104,2021-11-26 23:10:59,2021-12-02 15:31:59
542,3474,7736,bruiloft ?loslaten witte duiven,104,2021-11-26 23:12:07,2021-12-02 15:31:59
543,3474,7740,meterstand,104,2021-11-26 23:13:05,2021-12-02 15:31:59
544,3474,7885,Herman Krebbers?,104,2021-11-26 23:16:05,2021-12-02 15:31:59
545,3474,7940,Juliana,104,2021-11-26 23:24:14,2021-12-02 15:31:59
546,3474,7990,Juliana,104,2021-11-26 23:32:09,2021-12-02 15:31:59
547,3474,8043,atletiek sport overig,104,2021-11-26 23:37:28,2021-12-02 15:31:59
548,3474,8049,vliegtuig,104,2021-11-26 23:37:50,2021-12-02 15:31:59
549,3474,8075,Robert Long,104,2021-11-26 23:39:38,2021-12-02 15:31:59
550,3474,8093,ramen wassen..,104,2021-11-26 23:41:51,2021-12-02 15:31:59
551,3474,8137,Bueno de Musquita ?,104,2021-11-26 23:43:45,2021-12-02 15:31:59
552,3474,8160,stormschade,104,2021-11-26 23:46:37,2021-12-02 15:31:59
553,3474,8170,Fons Jansen (cabaretier) leest voor uit eigen werk?,104,2021-11-26 23:52:48,2021-12-02 15:31:59
554,3474,8177,hindernisbaan,104,2021-11-26 23:55:06,2021-12-02 15:31:59
555,3474,8178,promotie,104,2021-11-26 23:55:40,2021-12-02 15:31:59
556,3474,8195,haringhappen,104,2021-11-26 23:59:44,2021-12-02 15:31:59
557,3474,8281,laboratorium,104,2021-11-27 01:25:25,2021-12-02 15:31:59
558,3474,8480,vuilnis,104,2021-11-27 01:28:16,2021-12-02 15:31:59
559,3474,8491,vliegtuig,104,2021-11-27 01:30:07,2021-12-02 15:31:59
560,3474,8498,parkeerplaats,104,2021-11-27 01:31:08,2021-12-02 15:31:59
561,3474,8512,Prins Bernard,104,2021-11-27 08:40:56,2021-12-02 15:31:59
562,3474,8546,receptie,104,2021-11-27 08:50:58,2021-12-02 15:31:59
563,3474,8553,buitenlandse souveniers,104,2021-11-27 08:53:58,2021-12-02 15:49:10
564,3474,8587,Gijzeling? Man met geweer in portiek,104,2021-11-27 09:03:36,2021-12-02 15:49:10
565,3474,8614,eerste bewoner?,104,2021-11-27 09:09:46,2021-12-02 15:49:10
566,3474,8738,onderzoeker/laboratorium,104,2021-11-27 11:08:10,2021-12-02 15:49:10
567,3474,8757,stormschade,104,2021-11-27 11:11:55,2021-12-02 15:49:10
568,3474,8767,hoofddeksels,104,2021-11-27 11:13:47,2021-12-02 15:49:10
569,13945,5433,Bekend personage: de dame op de foto is voormalig minister van Verkeer en Waterstaat Neelie Smit-Kroes,104,2021-11-27 11:52:05,2021-12-02 15:31:59
570,3474,8801,schillenboer,104,2021-11-27 11:59:01,2021-12-02 15:49:10
571,3474,8802,trofee,104,2021-11-27 11:59:32,2021-12-02 15:31:59
572,3474,8808,beurs opbouw,104,2021-11-27 12:00:36,2021-12-02 15:49:10
573,9600,8913,"Jozef Luns, diplomaat en politicus",104,2021-11-27 12:22:37,2021-12-02 15:49:10
574,13945,8998,Leden van de koninklijke familie: Beatrix en Claus,104,2021-11-27 12:33:55,2021-12-02 15:49:10
575,3474,8958,consultatiebureau,104,2021-11-27 12:49:12,2021-12-02 15:49:10
576,3474,8959,demonstratie ?,104,2021-11-27 12:49:54,2021-12-02 15:31:59
577,3474,8962,receptie,104,2021-11-27 12:50:42,2021-12-02 15:31:59
578,3474,9030,schietclub,104,2021-11-27 12:53:45,2021-12-02 15:31:59
579,3474,9049,demonstratie van de brandweer,104,2021-11-27 12:57:46,2021-12-02 15:31:59
580,18244,7232,Het lijkt mij een wachtruimte,104,2021-11-27 14:22:19,2021-12-02 15:49:10
581,18244,9046,Vuurwerk.,104,2021-11-27 14:23:19,2021-12-02 15:31:59
582,18244,9095,Begrafenis?,104,2021-11-27 14:25:28,2021-12-02 15:31:59
583,18244,9118,Iets met een gijzeling te maken?,104,2021-11-27 14:29:04,2021-12-02 15:31:59
584,3474,9306,Robert Long in een studio met ...?,104,2021-11-27 15:01:36,2021-12-02 15:31:59
585,3474,9309,driekoningen zingen,104,2021-11-27 15:02:26,2021-12-02 15:31:59
586,3474,9395,muzikant op grasveld ?,104,2021-11-27 15:37:42,2021-12-02 15:49:10
587,3474,9418,duiker,104,2021-11-27 16:26:55,2021-12-02 15:49:10
588,3474,9495,bowling sport overig,104,2021-11-27 16:30:25,2021-12-02 15:31:59
589,3474,9502,beurs,104,2021-11-27 16:31:26,2021-12-02 15:31:59
590,3474,9852,speciale computer-bus,104,2021-11-27 16:46:51,2021-12-02 15:49:10
591,3474,9874,receptie,104,2021-11-27 16:50:20,2021-12-02 15:31:59
592,3474,9877,biljarten sport overig,104,2021-11-27 16:51:08,2021-12-02 15:31:59
593,3474,9984,macramé tentoonstelling,104,2021-11-27 17:10:22,2021-12-02 15:49:10
594,3474,9989,laboratorium of natuurkunde lokaal,104,2021-11-27 17:11:24,2021-12-02 15:49:10
595,3474,10037,"onbekende ruimte, op schip ?",104,2021-11-27 18:03:53,2021-12-02 15:49:10
596,3474,10043,melkboer,104,2021-11-27 18:06:25,2021-12-02 15:49:10
597,3474,10080,tegel tableau,104,2021-11-27 18:15:41,2021-12-02 15:49:10
598,3474,10082,weg onderhoud,104,2021-11-27 18:16:23,2021-12-02 15:49:10
599,3474,10098,rolschaatsen sport overig,104,2021-11-27 18:19:29,2021-12-02 15:31:59
600,3474,10104,ramen wasser,104,2021-11-27 18:33:41,2021-12-02 15:49:10
601,3474,10105,stormschade,104,2021-11-27 18:34:10,2021-12-02 15:49:10
602,3474,10106,mankement gebouw,104,2021-11-27 18:34:52,2021-12-02 15:49:10
603,3474,10501,klok detail museum?,104,2021-11-27 19:53:31,2021-12-02 15:49:10
604,3474,10515,bakker met bakfiets,104,2021-11-27 19:57:13,2021-12-02 15:49:10
605,3474,10519,Prins Bernard,104,2021-11-27 19:58:37,2021-11-29 13:40:24
606,3474,10522,collecte geld tellen,104,2021-11-27 19:59:40,2021-12-02 15:49:10
607,3474,10526,eigenlijk poelier...,104,2021-11-27 20:11:06,2021-12-02 15:49:10
608,3474,10539,scrabble sport overig,104,2021-11-27 20:14:19,2021-12-02 15:31:59
609,3474,10560,tentoonstelling met maquette...,104,2021-11-27 20:19:31,2021-12-02 15:49:10
610,3474,10562,vitrine,104,2021-11-27 20:21:03,2021-12-02 15:49:10
611,3474,10577,"Deed recensies van films, naam ontschoten...
Zet opmerking op forum",104,2021-11-27 20:45:56,2021-11-29 13:40:24
612,3474,10578,poppenkast,104,2021-11-27 20:50:02,2021-12-02 15:31:59
613,9600,9822,Prinses/Koningin Beatrix,104,2021-11-27 21:13:36,2021-11-29 13:40:24
614,3474,10617,Robert Long,104,2021-11-27 21:14:02,2021-11-29 13:40:24
615,3474,10659,judo sport overig,104,2021-11-27 21:27:33,2021-12-02 15:31:59
616,18244,9680,Boogschieten?,104,2021-11-27 21:47:33,2021-12-02 15:31:59
617,3474,10717,luchthaven,104,2021-11-27 21:56:41,2021-12-02 15:31:59
618,3474,10871,vliegveld / vliegtuig,104,2021-11-27 21:59:28,2021-12-02 15:31:59
619,18244,10370,Sjoelen,104,2021-11-27 22:18:36,2021-12-02 15:31:59
620,9600,10483,Juliana,104,2021-11-27 22:36:08,2021-11-29 13:40:24
621,18244,10805,Vliegtuig,104,2021-11-28 10:58:54,2021-12-02 15:31:59
