id,naam,titel,status,completed_on,created_at,updated_at
1,random_1,random_1,103,2021-12-03 15:53:36,2021-09-17 17:28:20,2021-12-03 15:53:36
2,random_10,random_10,103,2021-12-03 15:53:36,2021-09-17 17:29:52,2021-12-03 15:53:36
3,random_11,random_11,103,2021-12-03 15:53:36,2021-09-17 17:31:31,2021-12-03 15:53:36
4,random_12,random_12,103,2021-12-03 15:53:36,2021-09-17 17:33:05,2021-12-03 15:53:36
5,random_13,random_13,103,2021-12-03 15:53:37,2021-09-17 17:34:48,2021-12-03 15:53:37
6,random_14,random_14,103,2021-12-03 15:53:37,2021-09-17 17:36:23,2021-12-03 15:53:37
7,random_15,random_15,103,2021-12-03 15:53:37,2021-09-17 17:37:58,2021-12-03 15:53:37
8,random_16,random_16,103,2021-12-03 16:00:38,2021-09-17 17:39:31,2021-12-03 16:00:38
9,random_17,random_17,103,2021-12-03 16:00:38,2021-09-17 17:40:57,2021-12-03 16:00:38
10,random_18,random_18,103,2021-12-03 15:53:37,2021-09-17 17:42:34,2021-12-03 15:53:37
11,random_19,random_19,103,2021-12-03 15:53:37,2021-09-17 17:44:06,2021-12-03 15:53:37
12,random_2,random_2,103,2021-12-03 15:53:37,2021-09-17 17:46:09,2021-12-03 15:53:37
13,random_20,random_20,103,2021-12-03 15:53:37,2021-09-17 17:47:53,2021-12-03 15:53:37
14,random_3,random_3,103,2021-12-03 15:53:37,2021-09-17 17:49:18,2021-12-03 15:53:37
15,random_4,random_4,103,2021-12-03 15:53:37,2021-09-17 17:50:53,2021-12-03 15:53:37
16,random_5,random_5,103,2021-12-03 15:53:37,2021-09-17 17:52:21,2021-12-03 15:53:37
17,random_6,random_6,103,2021-12-03 15:53:37,2021-09-17 17:54:01,2021-12-03 15:53:37
18,random_7,random_7,103,2021-12-03 15:53:37,2021-09-17 17:55:35,2021-12-03 15:53:37
19,random_8,random_8,103,2021-12-03 15:53:37,2021-09-17 17:57:10,2021-12-03 15:53:37
20,random_9,random_9,103,2021-12-03 15:53:37,2021-09-17 17:58:39,2021-12-03 15:53:37
